{"datas":[{"children":[{"caseVersion":"1.0","confParams":{"config.json":{"compiledContent":"","content":""},"config_default.json":{"compiledContent":"","content":""},"configJson_default_id":"3b6eeb111be247ed9506d9265d5a493e","config_id":"c9e6564a03224bb98b30220977b748b1","config_default_id":"1b9c17fb63134569860b6b54dc3ae72e","config.js":{"compiledContent":"","content":""},"config_default.js":{"compiledContent":"","content":""},"configJson_id":"b261df7068fd44319fd01237f1ecfb74"},"coverConfig":false,"debugMode":"y","encoded":false,"encrypted":false,"exist":false,"hasChild":true,"id":"636913624dec494f8afe97f74a847535","keepAppIdFlag":false,"lockFlag":false,"name":"新建流程新增流程说明","parentId":"f7dc85d3db774409b45d82b4f91668c6","rootFolderFlag":false,"shareMd":"","treeType":"folder"}],"coverConfig":false,"encoded":false,"encrypted":false,"exist":false,"hasChild":true,"id":"f7dc85d3db774409b45d82b4f91668c6","keepAppIdFlag":false,"lockFlag":false,"name":"~`~`7 默认分类`~`8 Default Type`~`9 默認分類`~`~","parentId":"root","rootFolderFlag":false,"treeType":"type"}]}